<?xml version="1.0" encoding="utf-8"?><IMDownloader xmlns:xsd="http://www.w3.org/2001/XMLSchema" xmlns:xsi="http://www.w3.org/2001/XMLSchema-instance">
  <COMVersion/>
  <LatestVersion/>
  <MinVersion/>
  <Access>0</Access>
  <UseMSTFile>0</UseMSTFile>
  <AdminImageType/>
  <SourceFiles>
    <SourceFile>
      <Language>all</Language>
      <SourcePath/>
      <Disk/>
      <Path/>
      <FileName/>
    </SourceFile>
  </SourceFiles>
  <SourceFeatures>
    <SourceFeature>
      <FeatureID/>
      <IsLang>false</IsLang>
      <Access>0</Access>
      <DownloadFiles/>
    </SourceFeature>
  </SourceFeatures>
</IMDownloader>