<?xml version="1.0" encoding="utf-8"?><AllSourceIMs xmlns:xsd="http://www.w3.org/2001/XMLSchema" xmlns:xsi="http://www.w3.org/2001/XMLSchema-instance">
  <SourceIMs>
    <StartVersion>20210-10000-0000</StartVersion>
    <MajorRelease>
      <ReleaseType>
        <Category/>
        <BuildType>X64</BuildType>
      </ReleaseType>
      <MajorVersion>20210</MajorVersion>
    </MajorRelease>
    <SourceIM>
      <Release>
        <ReleaseType>
          <Category/>
          <BuildType>X64</BuildType>
        </ReleaseType>
        <Version>20210-40501-1100</Version>
        <BuildVersion>29.5.1.1</BuildVersion>
      </Release>
      <SuiteName>SOLIDWORKS 2021 SP05.1</SuiteName>
      <Revision>0</Revision>
      <ProductID>IM</ProductID>
      <Access>1</Access>
      <UseMSTFile/>
      <AdminImageType/>
      <NewVersion>true</NewVersion>
      <SourceFiles>
        <SourceFile>
          <Language>all</Language>
          <SourcePath>sldim</SourcePath>
          <Disk>1</Disk>
          <Path/>
          <FileName>sldim.exe</FileName>
        </SourceFile>
      </SourceFiles>
      <SourceFeatures>
        <SourceFeature>
          <FeatureID/>
          <IsLang>false</IsLang>
          <Access>1</Access>
          <DownloadFiles>
            <DownloadFile>
              <ProductID>IM</ProductID>
              <FeatureID/>
              <FileIndex>0</FileIndex>
              <FileGUID>46524</FileGUID>
              <Language>all</Language>
              <Extract>true</Extract>
              <Domain>dl-ak.solidworks.com</Domain>
              <ServerPath>nonsecure/sw2021/sw2021_sp05.1_f/x64/211029.005-1-5QC3M0R1</ServerPath>
              <FileName>SolidWorksSetup.exe</FileName>
              <ExistsOnServer>true</ExistsOnServer>
              <SubPath/>
              <FileSizeBytes>33684920</FileSizeBytes>
              <CheckSum32>3893959000</CheckSum32>
            </DownloadFile>
          </DownloadFiles>
        </SourceFeature>
      </SourceFeatures>
    </SourceIM>
    <SourceIM>
      <Release>
        <ReleaseType>
          <Category/>
          <BuildType>X64</BuildType>
        </ReleaseType>
        <Version>20210-40500-1100</Version>
        <BuildVersion>29.5.0.70</BuildVersion>
      </Release>
      <SuiteName>SOLIDWORKS 2021 SP05</SuiteName>
      <Revision>0</Revision>
      <ProductID>IM</ProductID>
      <Access>1</Access>
      <UseMSTFile/>
      <AdminImageType/>
      <NewVersion>false</NewVersion>
      <SourceFiles>
        <SourceFile>
          <Language>all</Language>
          <SourcePath>sldim</SourcePath>
          <Disk>1</Disk>
          <Path/>
          <FileName>sldim.exe</FileName>
        </SourceFile>
      </SourceFiles>
      <SourceFeatures>
        <SourceFeature>
          <FeatureID/>
          <IsLang>false</IsLang>
          <Access>1</Access>
          <DownloadFiles>
            <DownloadFile>
              <ProductID>IM</ProductID>
              <FeatureID/>
              <FileIndex>0</FileIndex>
              <FileGUID>46227</FileGUID>
              <Language>all</Language>
              <Extract>true</Extract>
              <Domain>dl-ak.solidworks.com</Domain>
              <ServerPath>nonsecure/sw2021/sw2021_sp05.0_f/x64/211010.001-1-O6HV6W5S</ServerPath>
              <FileName>SolidWorksSetup.exe</FileName>
              <ExistsOnServer>true</ExistsOnServer>
              <SubPath/>
              <FileSizeBytes>33684408</FileSizeBytes>
              <CheckSum32>2533071035</CheckSum32>
            </DownloadFile>
          </DownloadFiles>
        </SourceFeature>
      </SourceFeatures>
    </SourceIM>
    <SourceIM>
      <Release>
        <ReleaseType>
          <Category/>
          <BuildType>X64</BuildType>
        </ReleaseType>
        <Version>20210-40500-1000</Version>
        <BuildVersion>29.5.0.67</BuildVersion>
      </Release>
      <SuiteName>SOLIDWORKS 2021 SP05 Early Visibility</SuiteName>
      <Revision>0</Revision>
      <ProductID>IM</ProductID>
      <Access>2</Access>
      <UseMSTFile/>
      <AdminImageType/>
      <NewVersion>false</NewVersion>
      <SourceFiles>
        <SourceFile>
          <Language>all</Language>
          <SourcePath>sldim</SourcePath>
          <Disk>1</Disk>
          <Path/>
          <FileName>sldim.exe</FileName>
        </SourceFile>
      </SourceFiles>
      <SourceFeatures>
        <SourceFeature>
          <FeatureID/>
          <IsLang>false</IsLang>
          <Access>2</Access>
          <DownloadFiles>
            <DownloadFile>
              <ProductID>IM</ProductID>
              <FeatureID/>
              <FileIndex>0</FileIndex>
              <FileGUID>45951</FileGUID>
              <Language>all</Language>
              <Extract>true</Extract>
              <Domain>dl-ak.solidworks.com</Domain>
              <ServerPath>nonsecure/sw2021/sw2021_sp05.0_ev/x64/210923.001-1-TL7C1AQM</ServerPath>
              <FileName>SolidWorksSetup.exe</FileName>
              <ExistsOnServer>true</ExistsOnServer>
              <SubPath/>
              <FileSizeBytes>33671608</FileSizeBytes>
              <CheckSum32>3245892657</CheckSum32>
            </DownloadFile>
          </DownloadFiles>
        </SourceFeature>
      </SourceFeatures>
    </SourceIM>
    <SourceIM>
      <Release>
        <ReleaseType>
          <Category/>
          <BuildType>X64</BuildType>
        </ReleaseType>
        <Version>20210-40401-1100</Version>
        <BuildVersion>29.4.1.1</BuildVersion>
      </Release>
      <SuiteName>SOLIDWORKS 2021 SP04.1</SuiteName>
      <Revision>0</Revision>
      <ProductID>IM</ProductID>
      <Access>1</Access>
      <UseMSTFile/>
      <AdminImageType/>
      <NewVersion>true</NewVersion>
      <SourceFiles>
        <SourceFile>
          <Language>all</Language>
          <SourcePath>sldim</SourcePath>
          <Disk>1</Disk>
          <Path/>
          <FileName>sldim.exe</FileName>
        </SourceFile>
      </SourceFiles>
      <SourceFeatures>
        <SourceFeature>
          <FeatureID/>
          <IsLang>false</IsLang>
          <Access>1</Access>
          <DownloadFiles>
            <DownloadFile>
              <ProductID>IM</ProductID>
              <FeatureID/>
              <FileIndex>0</FileIndex>
              <FileGUID>45512</FileGUID>
              <Language>all</Language>
              <Extract>true</Extract>
              <Domain>dl-ak.solidworks.com</Domain>
              <ServerPath>nonsecure/sw2021/sw2021_sp04.1_f/x64/210616.003-1-HU50R5PN</ServerPath>
              <FileName>SolidWorksSetup.exe</FileName>
              <ExistsOnServer>true</ExistsOnServer>
              <SubPath/>
              <FileSizeBytes>33750968</FileSizeBytes>
              <CheckSum32>4092853499</CheckSum32>
            </DownloadFile>
          </DownloadFiles>
        </SourceFeature>
      </SourceFeatures>
    </SourceIM>
    <SourceIM>
      <Release>
        <ReleaseType>
          <Category/>
          <BuildType>X64</BuildType>
        </ReleaseType>
        <Version>20210-40400-1100</Version>
        <BuildVersion>29.4.0.60</BuildVersion>
      </Release>
      <SuiteName>SOLIDWORKS 2021 SP04</SuiteName>
      <Revision>0</Revision>
      <ProductID>IM</ProductID>
      <Access>1</Access>
      <UseMSTFile/>
      <AdminImageType/>
      <NewVersion>false</NewVersion>
      <SourceFiles>
        <SourceFile>
          <Language>all</Language>
          <SourcePath>sldim</SourcePath>
          <Disk>1</Disk>
          <Path/>
          <FileName>sldim.exe</FileName>
        </SourceFile>
      </SourceFiles>
      <SourceFeatures>
        <SourceFeature>
          <FeatureID/>
          <IsLang>false</IsLang>
          <Access>1</Access>
          <DownloadFiles>
            <DownloadFile>
              <ProductID>IM</ProductID>
              <FeatureID/>
              <FileIndex>0</FileIndex>
              <FileGUID>45165</FileGUID>
              <Language>all</Language>
              <Extract>true</Extract>
              <Domain>dl-ak.solidworks.com</Domain>
              <ServerPath>nonsecure/sw2021/sw2021_sp04.0_f/x64/210528.001-1-7YJ6S28K</ServerPath>
              <FileName>SolidWorksSetup.exe</FileName>
              <ExistsOnServer>true</ExistsOnServer>
              <SubPath/>
              <FileSizeBytes>33750968</FileSizeBytes>
              <CheckSum32>3449926007</CheckSum32>
            </DownloadFile>
          </DownloadFiles>
        </SourceFeature>
      </SourceFeatures>
    </SourceIM>
    <SourceIM>
      <Release>
        <ReleaseType>
          <Category/>
          <BuildType>X64</BuildType>
        </ReleaseType>
        <Version>20210-40400-1000</Version>
        <BuildVersion>29.4.0.51</BuildVersion>
      </Release>
      <SuiteName>SOLIDWORKS 2021 SP04 Early Visibility</SuiteName>
      <Revision>0</Revision>
      <ProductID>IM</ProductID>
      <Access>2</Access>
      <UseMSTFile/>
      <AdminImageType/>
      <NewVersion>false</NewVersion>
      <SourceFiles>
        <SourceFile>
          <Language>all</Language>
          <SourcePath>sldim</SourcePath>
          <Disk>1</Disk>
          <Path/>
          <FileName>sldim.exe</FileName>
        </SourceFile>
      </SourceFiles>
      <SourceFeatures>
        <SourceFeature>
          <FeatureID/>
          <IsLang>false</IsLang>
          <Access>2</Access>
          <DownloadFiles>
            <DownloadFile>
              <ProductID>IM</ProductID>
              <FeatureID/>
              <FileIndex>0</FileIndex>
              <FileGUID>44931</FileGUID>
              <Language>all</Language>
              <Extract>true</Extract>
              <Domain>dl-ak.solidworks.com</Domain>
              <ServerPath>nonsecure/sw2021/sw2021_sp04.0_ev/x64/210507.004-1-OFGO97LG</ServerPath>
              <FileName>SolidWorksSetup.exe</FileName>
              <ExistsOnServer>true</ExistsOnServer>
              <SubPath/>
              <FileSizeBytes>33747384</FileSizeBytes>
              <CheckSum32>3620333002</CheckSum32>
            </DownloadFile>
          </DownloadFiles>
        </SourceFeature>
      </SourceFeatures>
    </SourceIM>
    <SourceIM>
      <Release>
        <ReleaseType>
          <Category/>
          <BuildType>X64</BuildType>
        </ReleaseType>
        <Version>20210-40300-1100</Version>
        <BuildVersion>29.3.0.59</BuildVersion>
      </Release>
      <SuiteName>SOLIDWORKS 2021 SP03</SuiteName>
      <Revision>0</Revision>
      <ProductID>IM</ProductID>
      <Access>1</Access>
      <UseMSTFile/>
      <AdminImageType/>
      <NewVersion>true</NewVersion>
      <SourceFiles>
        <SourceFile>
          <Language>all</Language>
          <SourcePath>sldim</SourcePath>
          <Disk>1</Disk>
          <Path/>
          <FileName>sldim.exe</FileName>
        </SourceFile>
      </SourceFiles>
      <SourceFeatures>
        <SourceFeature>
          <FeatureID/>
          <IsLang>false</IsLang>
          <Access>1</Access>
          <DownloadFiles>
            <DownloadFile>
              <ProductID>IM</ProductID>
              <FeatureID/>
              <FileIndex>0</FileIndex>
              <FileGUID>44718</FileGUID>
              <Language>all</Language>
              <Extract>true</Extract>
              <Domain>dl-ak.solidworks.com</Domain>
              <ServerPath>nonsecure/sw2021/sw2021_sp03.0_f/x64/210326.009-1-GDT1XGXA</ServerPath>
              <FileName>SolidWorksSetup.exe</FileName>
              <ExistsOnServer>true</ExistsOnServer>
              <SubPath/>
              <FileSizeBytes>33737656</FileSizeBytes>
              <CheckSum32>3047359534</CheckSum32>
            </DownloadFile>
          </DownloadFiles>
        </SourceFeature>
      </SourceFeatures>
    </SourceIM>
    <SourceIM>
      <Release>
        <ReleaseType>
          <Category/>
          <BuildType>X64</BuildType>
        </ReleaseType>
        <Version>20210-40300-1000</Version>
        <BuildVersion>29.3.0.52</BuildVersion>
      </Release>
      <SuiteName>SOLIDWORKS 2021 SP03 Early Visibility</SuiteName>
      <Revision>0</Revision>
      <ProductID>IM</ProductID>
      <Access>2</Access>
      <UseMSTFile/>
      <AdminImageType/>
      <NewVersion>false</NewVersion>
      <SourceFiles>
        <SourceFile>
          <Language>all</Language>
          <SourcePath>sldim</SourcePath>
          <Disk>1</Disk>
          <Path/>
          <FileName>sldim.exe</FileName>
        </SourceFile>
      </SourceFiles>
      <SourceFeatures>
        <SourceFeature>
          <FeatureID/>
          <IsLang>false</IsLang>
          <Access>2</Access>
          <DownloadFiles>
            <DownloadFile>
              <ProductID>IM</ProductID>
              <FeatureID/>
              <FileIndex>0</FileIndex>
              <FileGUID>44526</FileGUID>
              <Language>all</Language>
              <Extract>true</Extract>
              <Domain>dl-ak.solidworks.com</Domain>
              <ServerPath>nonsecure/sw2021/sw2021_sp03.0_ev/x64/210303.005-1-SP41DIHW</ServerPath>
              <FileName>SolidWorksSetup.exe</FileName>
              <ExistsOnServer>true</ExistsOnServer>
              <SubPath/>
              <FileSizeBytes>33736632</FileSizeBytes>
              <CheckSum32>786576200</CheckSum32>
            </DownloadFile>
          </DownloadFiles>
        </SourceFeature>
      </SourceFeatures>
    </SourceIM>
    <SourceIM>
      <Release>
        <ReleaseType>
          <Category/>
          <BuildType>X64</BuildType>
        </ReleaseType>
        <Version>20210-40200-1100</Version>
        <BuildVersion>29.2.0.55</BuildVersion>
      </Release>
      <SuiteName>SOLIDWORKS 2021 SP02</SuiteName>
      <Revision>0</Revision>
      <ProductID>IM</ProductID>
      <Access>1</Access>
      <UseMSTFile/>
      <AdminImageType/>
      <NewVersion>true</NewVersion>
      <SourceFiles>
        <SourceFile>
          <Language>all</Language>
          <SourcePath>sldim</SourcePath>
          <Disk>1</Disk>
          <Path/>
          <FileName>sldim.exe</FileName>
        </SourceFile>
      </SourceFiles>
      <SourceFeatures>
        <SourceFeature>
          <FeatureID/>
          <IsLang>false</IsLang>
          <Access>1</Access>
          <DownloadFiles>
            <DownloadFile>
              <ProductID>IM</ProductID>
              <FeatureID/>
              <FileIndex>0</FileIndex>
              <FileGUID>44334</FileGUID>
              <Language>all</Language>
              <Extract>true</Extract>
              <Domain>dl-ak.solidworks.com</Domain>
              <ServerPath>nonsecure/sw2021/sw2021_sp02.0_f/x64/210125.001-2-68FRX8JQ</ServerPath>
              <FileName>SolidWorksSetup.exe</FileName>
              <ExistsOnServer>true</ExistsOnServer>
              <SubPath/>
              <FileSizeBytes>33937848</FileSizeBytes>
              <CheckSum32>102242653</CheckSum32>
            </DownloadFile>
          </DownloadFiles>
        </SourceFeature>
      </SourceFeatures>
    </SourceIM>
    <SourceIM>
      <Release>
        <ReleaseType>
          <Category/>
          <BuildType>X64</BuildType>
        </ReleaseType>
        <Version>20210-40200-1000</Version>
        <BuildVersion>29.2.0.46</BuildVersion>
      </Release>
      <SuiteName>SOLIDWORKS 2021 SP02 Early Visibility</SuiteName>
      <Revision>0</Revision>
      <ProductID>IM</ProductID>
      <Access>2</Access>
      <UseMSTFile/>
      <AdminImageType/>
      <NewVersion>false</NewVersion>
      <SourceFiles>
        <SourceFile>
          <Language>all</Language>
          <SourcePath>sldim</SourcePath>
          <Disk>1</Disk>
          <Path/>
          <FileName>sldim.exe</FileName>
        </SourceFile>
      </SourceFiles>
      <SourceFeatures>
        <SourceFeature>
          <FeatureID/>
          <IsLang>false</IsLang>
          <Access>2</Access>
          <DownloadFiles>
            <DownloadFile>
              <ProductID>IM</ProductID>
              <FeatureID/>
              <FileIndex>0</FileIndex>
              <FileGUID>44163</FileGUID>
              <Language>all</Language>
              <Extract>true</Extract>
              <Domain>dl-ak.solidworks.com</Domain>
              <ServerPath>nonsecure/sw2021/sw2021_sp02.0_ev/x64/201224.001-1-K1X33XLA</ServerPath>
              <FileName>SolidWorksSetup.exe</FileName>
              <ExistsOnServer>true</ExistsOnServer>
              <SubPath/>
              <FileSizeBytes>33947064</FileSizeBytes>
              <CheckSum32>3780288461</CheckSum32>
            </DownloadFile>
          </DownloadFiles>
        </SourceFeature>
      </SourceFeatures>
    </SourceIM>
    <SourceIM>
      <Release>
        <ReleaseType>
          <Category/>
          <BuildType>X64</BuildType>
        </ReleaseType>
        <Version>20210-40100-1100</Version>
        <BuildVersion>29.1.0.61</BuildVersion>
      </Release>
      <SuiteName>SOLIDWORKS 2021 SP01</SuiteName>
      <Revision>0</Revision>
      <ProductID>IM</ProductID>
      <Access>1</Access>
      <UseMSTFile/>
      <AdminImageType/>
      <NewVersion>true</NewVersion>
      <SourceFiles>
        <SourceFile>
          <Language>all</Language>
          <SourcePath>sldim</SourcePath>
          <Disk>1</Disk>
          <Path/>
          <FileName>sldim.exe</FileName>
        </SourceFile>
      </SourceFiles>
      <SourceFeatures>
        <SourceFeature>
          <FeatureID/>
          <IsLang>false</IsLang>
          <Access>1</Access>
          <DownloadFiles>
            <DownloadFile>
              <ProductID>IM</ProductID>
              <FeatureID/>
              <FileIndex>0</FileIndex>
              <FileGUID>43992</FileGUID>
              <Language>all</Language>
              <Extract>true</Extract>
              <Domain>dl-ak.solidworks.com</Domain>
              <ServerPath>nonsecure/sw2021/sw2021_sp01.0_f/x64/201118.002-1-Q1NE8GGA</ServerPath>
              <FileName>SolidWorksSetup.exe</FileName>
              <ExistsOnServer>true</ExistsOnServer>
              <SubPath/>
              <FileSizeBytes>34594232</FileSizeBytes>
              <CheckSum32>4078400269</CheckSum32>
            </DownloadFile>
          </DownloadFiles>
        </SourceFeature>
      </SourceFeatures>
    </SourceIM>
    <SourceIM>
      <Release>
        <ReleaseType>
          <Category/>
          <BuildType>X64</BuildType>
        </ReleaseType>
        <Version>20210-40100-1000</Version>
        <BuildVersion>29.1.0.56</BuildVersion>
      </Release>
      <SuiteName>SOLIDWORKS 2021 SP01 Early Visibility</SuiteName>
      <Revision>0</Revision>
      <ProductID>IM</ProductID>
      <Access>2</Access>
      <UseMSTFile/>
      <AdminImageType/>
      <NewVersion>false</NewVersion>
      <SourceFiles>
        <SourceFile>
          <Language>all</Language>
          <SourcePath>sldim</SourcePath>
          <Disk>1</Disk>
          <Path/>
          <FileName>sldim.exe</FileName>
        </SourceFile>
      </SourceFiles>
      <SourceFeatures>
        <SourceFeature>
          <FeatureID/>
          <IsLang>false</IsLang>
          <Access>2</Access>
          <DownloadFiles>
            <DownloadFile>
              <ProductID>IM</ProductID>
              <FeatureID/>
              <FileIndex>0</FileIndex>
              <FileGUID>43841</FileGUID>
              <Language>all</Language>
              <Extract>true</Extract>
              <Domain>dl-ak.solidworks.com</Domain>
              <ServerPath>nonsecure/sw2021/sw2021_sp01.0_ev/x64/201102.001-1-68L4DJQ3</ServerPath>
              <FileName>SolidWorksSetup.exe</FileName>
              <ExistsOnServer>true</ExistsOnServer>
              <SubPath/>
              <FileSizeBytes>34593720</FileSizeBytes>
              <CheckSum32>1977330256</CheckSum32>
            </DownloadFile>
          </DownloadFiles>
        </SourceFeature>
      </SourceFeatures>
    </SourceIM>
    <SourceIM>
      <Release>
        <ReleaseType>
          <Category/>
          <BuildType>X64</BuildType>
        </ReleaseType>
        <Version>20210-40000-1100</Version>
        <BuildVersion>29.0.0.5028</BuildVersion>
      </Release>
      <SuiteName>SOLIDWORKS 2021 SP0</SuiteName>
      <Revision>0</Revision>
      <ProductID>IM</ProductID>
      <Access>1</Access>
      <UseMSTFile/>
      <AdminImageType/>
      <NewVersion>true</NewVersion>
      <SourceFiles>
        <SourceFile>
          <Language>all</Language>
          <SourcePath>sldim</SourcePath>
          <Disk>1</Disk>
          <Path/>
          <FileName>sldim.exe</FileName>
        </SourceFile>
      </SourceFiles>
      <SourceFeatures>
        <SourceFeature>
          <FeatureID/>
          <IsLang>false</IsLang>
          <Access>1</Access>
          <DownloadFiles>
            <DownloadFile>
              <ProductID>IM</ProductID>
              <FeatureID/>
              <FileIndex>0</FileIndex>
              <FileGUID>42944</FileGUID>
              <Language>all</Language>
              <Extract>true</Extract>
              <Domain>dl-ak.solidworks.com</Domain>
              <ServerPath>nonsecure/sw2021/sw2021_sp0_f/x64/200930.001-1-6PGLAVPS</ServerPath>
              <FileName>SolidWorksSetup.exe</FileName>
              <ExistsOnServer>true</ExistsOnServer>
              <SubPath/>
              <FileSizeBytes>34754448</FileSizeBytes>
              <CheckSum32>4015671787</CheckSum32>
            </DownloadFile>
          </DownloadFiles>
        </SourceFeature>
      </SourceFeatures>
    </SourceIM>
    <SourceIM>
      <Release>
        <ReleaseType>
          <Category/>
          <BuildType>X64</BuildType>
        </ReleaseType>
        <Version>20210-30100-0100</Version>
        <BuildVersion>29.0.0.4019</BuildVersion>
      </Release>
      <SuiteName>SOLIDWORKS 2021 Pre Release 1</SuiteName>
      <Revision>0</Revision>
      <ProductID>IM</ProductID>
      <Access>1</Access>
      <UseMSTFile/>
      <AdminImageType/>
      <NewVersion>false</NewVersion>
      <SourceFiles>
        <SourceFile>
          <Language>all</Language>
          <SourcePath>sldim</SourcePath>
          <Disk>1</Disk>
          <Path/>
          <FileName>sldim.exe</FileName>
        </SourceFile>
      </SourceFiles>
      <SourceFeatures>
        <SourceFeature>
          <FeatureID/>
          <IsLang>false</IsLang>
          <Access>1</Access>
          <DownloadFiles>
            <DownloadFile>
              <ProductID>IM</ProductID>
              <FeatureID/>
              <FileIndex>0</FileIndex>
              <FileGUID>42850</FileGUID>
              <Language>all</Language>
              <Extract>true</Extract>
              <Domain>dl-ak.solidworks.com</Domain>
              <ServerPath>nonsecure/sw2021/sw2021_pr1_f/x64/200824.002-1-4LIMA2M1</ServerPath>
              <FileName>SolidWorksSetup.exe</FileName>
              <ExistsOnServer>true</ExistsOnServer>
              <SubPath/>
              <FileSizeBytes>34414480</FileSizeBytes>
              <CheckSum32>2664909202</CheckSum32>
            </DownloadFile>
          </DownloadFiles>
        </SourceFeature>
      </SourceFeatures>
    </SourceIM>
    <SourceIM>
      <Release>
        <ReleaseType>
          <Category/>
          <BuildType>X64</BuildType>
        </ReleaseType>
        <Version>20210-20300-0100</Version>
        <BuildVersion>29.0.0.3031</BuildVersion>
      </Release>
      <SuiteName>SOLIDWORKS 2021 Beta 3</SuiteName>
      <Revision>0</Revision>
      <ProductID>IM</ProductID>
      <Access>1</Access>
      <UseMSTFile/>
      <AdminImageType/>
      <NewVersion>false</NewVersion>
      <SourceFiles>
        <SourceFile>
          <Language>all</Language>
          <SourcePath>sldim</SourcePath>
          <Disk>1</Disk>
          <Path/>
          <FileName>sldim.exe</FileName>
        </SourceFile>
      </SourceFiles>
      <SourceFeatures>
        <SourceFeature>
          <FeatureID/>
          <IsLang>false</IsLang>
          <Access>1</Access>
          <DownloadFiles>
            <DownloadFile>
              <ProductID>IM</ProductID>
              <FeatureID/>
              <FileIndex>0</FileIndex>
              <FileGUID>42756</FileGUID>
              <Language>all</Language>
              <Extract>true</Extract>
              <Domain>dl-ak.solidworks.com</Domain>
              <ServerPath>nonsecure/sw2021/sw2021_b3_f/x64/200807.002-1-LAQDOBW8</ServerPath>
              <FileName>SolidWorksSetup.exe</FileName>
              <ExistsOnServer>true</ExistsOnServer>
              <SubPath/>
              <FileSizeBytes>34390416</FileSizeBytes>
              <CheckSum32>2804018814</CheckSum32>
            </DownloadFile>
          </DownloadFiles>
        </SourceFeature>
      </SourceFeatures>
    </SourceIM>
    <SourceIM>
      <Release>
        <ReleaseType>
          <Category/>
          <BuildType>X64</BuildType>
        </ReleaseType>
        <Version>20210-20200-0100</Version>
        <BuildVersion>29.0.0.2051</BuildVersion>
      </Release>
      <SuiteName>SOLIDWORKS 2021 Beta 2</SuiteName>
      <Revision>0</Revision>
      <ProductID>IM</ProductID>
      <Access>1</Access>
      <UseMSTFile/>
      <AdminImageType/>
      <NewVersion>false</NewVersion>
      <SourceFiles>
        <SourceFile>
          <Language>all</Language>
          <SourcePath>sldim</SourcePath>
          <Disk>1</Disk>
          <Path/>
          <FileName>sldim.exe</FileName>
        </SourceFile>
      </SourceFiles>
      <SourceFeatures>
        <SourceFeature>
          <FeatureID/>
          <IsLang>false</IsLang>
          <Access>1</Access>
          <DownloadFiles>
            <DownloadFile>
              <ProductID>IM</ProductID>
              <FeatureID/>
              <FileIndex>0</FileIndex>
              <FileGUID>42403</FileGUID>
              <Language>all</Language>
              <Extract>true</Extract>
              <Domain>dl-ak.solidworks.com</Domain>
              <ServerPath>nonsecure/sw2021/sw2021_b2_f/x64/200709.006-1-RQAGNEON</ServerPath>
              <FileName>SolidWorksSetup.exe</FileName>
              <ExistsOnServer>true</ExistsOnServer>
              <SubPath/>
              <FileSizeBytes>34386320</FileSizeBytes>
              <CheckSum32>3028400102</CheckSum32>
            </DownloadFile>
          </DownloadFiles>
        </SourceFeature>
      </SourceFeatures>
    </SourceIM>
    <SourceIM>
      <Release>
        <ReleaseType>
          <Category/>
          <BuildType>X64</BuildType>
        </ReleaseType>
        <Version>20210-20100-0100</Version>
        <BuildVersion>29.0.0.1083</BuildVersion>
      </Release>
      <SuiteName>SOLIDWORKS 2021 Beta 1</SuiteName>
      <Revision>0</Revision>
      <ProductID>IM</ProductID>
      <Access>1</Access>
      <UseMSTFile/>
      <AdminImageType/>
      <NewVersion>false</NewVersion>
      <SourceFiles>
        <SourceFile>
          <Language>all</Language>
          <SourcePath>sldim</SourcePath>
          <Disk>1</Disk>
          <Path/>
          <FileName>sldim.exe</FileName>
        </SourceFile>
      </SourceFiles>
      <SourceFeatures>
        <SourceFeature>
          <FeatureID/>
          <IsLang>false</IsLang>
          <Access>1</Access>
          <DownloadFiles>
            <DownloadFile>
              <ProductID>IM</ProductID>
              <FeatureID/>
              <FileIndex>0</FileIndex>
              <FileGUID>42071</FileGUID>
              <Language>all</Language>
              <Extract>true</Extract>
              <Domain>dl-ak.solidworks.com</Domain>
              <ServerPath>nonsecure/sw2021/sw2021_b1_f/x64/200615.001-2-A0D581BF</ServerPath>
              <FileName>SolidWorksSetup.exe</FileName>
              <ExistsOnServer>true</ExistsOnServer>
              <SubPath/>
              <FileSizeBytes>31089552</FileSizeBytes>
              <CheckSum32>2820076957</CheckSum32>
            </DownloadFile>
          </DownloadFiles>
        </SourceFeature>
      </SourceFeatures>
    </SourceIM>
  </SourceIMs>
  <SourceIMs>
    <StartVersion>20220-10000-0000</StartVersion>
    <MajorRelease>
      <ReleaseType>
        <Category/>
        <BuildType>X64</BuildType>
      </ReleaseType>
      <MajorVersion>20220</MajorVersion>
    </MajorRelease>
    <SourceIM>
      <Release>
        <ReleaseType>
          <Category/>
          <BuildType>X64</BuildType>
        </ReleaseType>
        <Version>20220-40500-1100</Version>
        <BuildVersion>30.5.0.49</BuildVersion>
      </Release>
      <SuiteName>SOLIDWORKS 2022 SP05</SuiteName>
      <Revision>0</Revision>
      <ProductID>IM</ProductID>
      <Access>1</Access>
      <UseMSTFile/>
      <AdminImageType/>
      <NewVersion>true</NewVersion>
      <SourceFiles>
        <SourceFile>
          <Language>all</Language>
          <SourcePath>sldim</SourcePath>
          <Disk>1</Disk>
          <Path/>
          <FileName>sldim.exe</FileName>
        </SourceFile>
      </SourceFiles>
      <SourceFeatures>
        <SourceFeature>
          <FeatureID/>
          <IsLang>false</IsLang>
          <Access>1</Access>
          <DownloadFiles>
            <DownloadFile>
              <ProductID>IM</ProductID>
              <FeatureID/>
              <FileIndex>0</FileIndex>
              <FileGUID>48333</FileGUID>
              <Language>all</Language>
              <Extract>true</Extract>
              <Domain>dl-ak.solidworks.com</Domain>
              <ServerPath>nonsecure/sw2022/sw2022_sp05.0_f/x64/221018.001-1-RTJAJ8CT</ServerPath>
              <FileName>SolidWorksSetup.exe</FileName>
              <ExistsOnServer>true</ExistsOnServer>
              <SubPath/>
              <FileSizeBytes>33615768</FileSizeBytes>
              <CheckSum32>2320115915</CheckSum32>
            </DownloadFile>
          </DownloadFiles>
        </SourceFeature>
      </SourceFeatures>
    </SourceIM>
    <SourceIM>
      <Release>
        <ReleaseType>
          <Category/>
          <BuildType>X64</BuildType>
        </ReleaseType>
        <Version>20220-40400-1100</Version>
        <BuildVersion>30.4.0.45</BuildVersion>
      </Release>
      <SuiteName>SOLIDWORKS 2022 SP04</SuiteName>
      <Revision>0</Revision>
      <ProductID>IM</ProductID>
      <Access>1</Access>
      <UseMSTFile/>
      <AdminImageType/>
      <NewVersion>true</NewVersion>
      <SourceFiles>
        <SourceFile>
          <Language>all</Language>
          <SourcePath>sldim</SourcePath>
          <Disk>1</Disk>
          <Path/>
          <FileName>sldim.exe</FileName>
        </SourceFile>
      </SourceFiles>
      <SourceFeatures>
        <SourceFeature>
          <FeatureID/>
          <IsLang>false</IsLang>
          <Access>1</Access>
          <DownloadFiles>
            <DownloadFile>
              <ProductID>IM</ProductID>
              <FeatureID/>
              <FileIndex>0</FileIndex>
              <FileGUID>48102</FileGUID>
              <Language>all</Language>
              <Extract>true</Extract>
              <Domain>dl-ak.solidworks.com</Domain>
              <ServerPath>nonsecure/sw2022/sw2022_sp04.0_f/x64/220727.001-1-FNO536GH</ServerPath>
              <FileName>SolidWorksSetup.exe</FileName>
              <ExistsOnServer>true</ExistsOnServer>
              <SubPath/>
              <FileSizeBytes>33634200</FileSizeBytes>
              <CheckSum32>3186976647</CheckSum32>
            </DownloadFile>
          </DownloadFiles>
        </SourceFeature>
      </SourceFeatures>
    </SourceIM>
    <SourceIM>
      <Release>
        <ReleaseType>
          <Category/>
          <BuildType>X64</BuildType>
        </ReleaseType>
        <Version>20220-40301-1100</Version>
        <BuildVersion>30.3.1.2</BuildVersion>
      </Release>
      <SuiteName>SOLIDWORKS 2022 SP03.1</SuiteName>
      <Revision>0</Revision>
      <ProductID>IM</ProductID>
      <Access>1</Access>
      <UseMSTFile/>
      <AdminImageType/>
      <NewVersion>true</NewVersion>
      <SourceFiles>
        <SourceFile>
          <Language>all</Language>
          <SourcePath>sldim</SourcePath>
          <Disk>1</Disk>
          <Path/>
          <FileName>sldim.exe</FileName>
        </SourceFile>
      </SourceFiles>
      <SourceFeatures>
        <SourceFeature>
          <FeatureID/>
          <IsLang>false</IsLang>
          <Access>1</Access>
          <DownloadFiles>
            <DownloadFile>
              <ProductID>IM</ProductID>
              <FeatureID/>
              <FileIndex>0</FileIndex>
              <FileGUID>47540</FileGUID>
              <Language>all</Language>
              <Extract>true</Extract>
              <Domain>dl-ak.solidworks.com</Domain>
              <ServerPath>nonsecure/sw2022/sw2022_sp03.1_f/x64/220617.005-1-VV6GKRM6</ServerPath>
              <FileName>SolidWorksSetup.exe</FileName>
              <ExistsOnServer>true</ExistsOnServer>
              <SubPath/>
              <FileSizeBytes>33632664</FileSizeBytes>
              <CheckSum32>3758371773</CheckSum32>
            </DownloadFile>
          </DownloadFiles>
        </SourceFeature>
      </SourceFeatures>
    </SourceIM>
    <SourceIM>
      <Release>
        <ReleaseType>
          <Category/>
          <BuildType>X64</BuildType>
        </ReleaseType>
        <Version>20220-40300-1100</Version>
        <BuildVersion>30.3.0.46</BuildVersion>
      </Release>
      <SuiteName>SOLIDWORKS 2022 SP03 Early Visibility</SuiteName>
      <Revision>0</Revision>
      <ProductID>IM</ProductID>
      <Access>2</Access>
      <UseMSTFile/>
      <AdminImageType/>
      <NewVersion>false</NewVersion>
      <SourceFiles>
        <SourceFile>
          <Language>all</Language>
          <SourcePath>sldim</SourcePath>
          <Disk>1</Disk>
          <Path/>
          <FileName>sldim.exe</FileName>
        </SourceFile>
      </SourceFiles>
      <SourceFeatures>
        <SourceFeature>
          <FeatureID/>
          <IsLang>false</IsLang>
          <Access>2</Access>
          <DownloadFiles>
            <DownloadFile>
              <ProductID>IM</ProductID>
              <FeatureID/>
              <FileIndex>0</FileIndex>
              <FileGUID>47351</FileGUID>
              <Language>all</Language>
              <Extract>true</Extract>
              <Domain>dl-ak.solidworks.com</Domain>
              <ServerPath>nonsecure/sw2022/sw2022_sp03.0_f/x64/220520.004-1-8EYA95RT</ServerPath>
              <FileName>SolidWorksSetup.exe</FileName>
              <ExistsOnServer>true</ExistsOnServer>
              <SubPath/>
              <FileSizeBytes>33585048</FileSizeBytes>
              <CheckSum32>2160531541</CheckSum32>
            </DownloadFile>
          </DownloadFiles>
        </SourceFeature>
      </SourceFeatures>
    </SourceIM>
    <SourceIM>
      <Release>
        <ReleaseType>
          <Category/>
          <BuildType>X64</BuildType>
        </ReleaseType>
        <Version>20220-40201-1100</Version>
        <BuildVersion>30.2.1.28</BuildVersion>
      </Release>
      <SuiteName>SOLIDWORKS 2022 SP02.1</SuiteName>
      <Revision>0</Revision>
      <ProductID>IM</ProductID>
      <Access>1</Access>
      <UseMSTFile/>
      <AdminImageType/>
      <NewVersion>false</NewVersion>
      <SourceFiles>
        <SourceFile>
          <Language>all</Language>
          <SourcePath>sldim</SourcePath>
          <Disk>1</Disk>
          <Path/>
          <FileName>sldim.exe</FileName>
        </SourceFile>
      </SourceFiles>
      <SourceFeatures>
        <SourceFeature>
          <FeatureID/>
          <IsLang>false</IsLang>
          <Access>1</Access>
          <DownloadFiles>
            <DownloadFile>
              <ProductID>IM</ProductID>
              <FeatureID/>
              <FileIndex>0</FileIndex>
              <FileGUID>47841</FileGUID>
              <Language>all</Language>
              <Extract>true</Extract>
              <Domain>dl-ak.solidworks.com</Domain>
              <ServerPath>nonsecure/sw2022/sw2022_sp02.1_f/x64/220713.001-1-8PML3OE4</ServerPath>
              <FileName>SolidWorksSetup.exe</FileName>
              <ExistsOnServer>true</ExistsOnServer>
              <SubPath/>
              <FileSizeBytes>33629592</FileSizeBytes>
              <CheckSum32>2749062557</CheckSum32>
            </DownloadFile>
          </DownloadFiles>
        </SourceFeature>
      </SourceFeatures>
    </SourceIM>
    <SourceIM>
      <Release>
        <ReleaseType>
          <Category/>
          <BuildType>X64</BuildType>
        </ReleaseType>
        <Version>20220-40200-1100</Version>
        <BuildVersion>30.2.0.46</BuildVersion>
      </Release>
      <SuiteName>SOLIDWORKS 2022 SP02</SuiteName>
      <Revision>0</Revision>
      <ProductID>IM</ProductID>
      <Access>1</Access>
      <UseMSTFile/>
      <AdminImageType/>
      <NewVersion>true</NewVersion>
      <SourceFiles>
        <SourceFile>
          <Language>all</Language>
          <SourcePath>sldim</SourcePath>
          <Disk>1</Disk>
          <Path/>
          <FileName>sldim.exe</FileName>
        </SourceFile>
      </SourceFiles>
      <SourceFeatures>
        <SourceFeature>
          <FeatureID/>
          <IsLang>false</IsLang>
          <Access>1</Access>
          <DownloadFiles>
            <DownloadFile>
              <ProductID>IM</ProductID>
              <FeatureID/>
              <FileIndex>0</FileIndex>
              <FileGUID>47038</FileGUID>
              <Language>all</Language>
              <Extract>true</Extract>
              <Domain>dl-ak.solidworks.com</Domain>
              <ServerPath>nonsecure/sw2022/sw2022_sp02.0_f/x64/220318.003-1-PGQH6ND3</ServerPath>
              <FileName>SolidWorksSetup.exe</FileName>
              <ExistsOnServer>true</ExistsOnServer>
              <SubPath/>
              <FileSizeBytes>33504152</FileSizeBytes>
              <CheckSum32>1935970690</CheckSum32>
            </DownloadFile>
          </DownloadFiles>
        </SourceFeature>
      </SourceFeatures>
    </SourceIM>
    <SourceIM>
      <Release>
        <ReleaseType>
          <Category/>
          <BuildType>X64</BuildType>
        </ReleaseType>
        <Version>20220-40100-1100</Version>
        <BuildVersion>30.1.0.82</BuildVersion>
      </Release>
      <SuiteName>SOLIDWORKS 2022 SP01</SuiteName>
      <Revision>0</Revision>
      <ProductID>IM</ProductID>
      <Access>1</Access>
      <UseMSTFile/>
      <AdminImageType/>
      <NewVersion>true</NewVersion>
      <SourceFiles>
        <SourceFile>
          <Language>all</Language>
          <SourcePath>sldim</SourcePath>
          <Disk>1</Disk>
          <Path/>
          <FileName>sldim.exe</FileName>
        </SourceFile>
      </SourceFiles>
      <SourceFeatures>
        <SourceFeature>
          <FeatureID/>
          <IsLang>false</IsLang>
          <Access>1</Access>
          <DownloadFiles>
            <DownloadFile>
              <ProductID>IM</ProductID>
              <FeatureID/>
              <FileIndex>0</FileIndex>
              <FileGUID>46912</FileGUID>
              <Language>all</Language>
              <Extract>true</Extract>
              <Domain>dl-ak.solidworks.com</Domain>
              <ServerPath>nonsecure/sw2022/sw2022_sp01.0_f/x64/220110.001-1-FKWNHXST</ServerPath>
              <FileName>SolidWorksSetup.exe</FileName>
              <ExistsOnServer>true</ExistsOnServer>
              <SubPath/>
              <FileSizeBytes>33843608</FileSizeBytes>
              <CheckSum32>530242347</CheckSum32>
            </DownloadFile>
          </DownloadFiles>
        </SourceFeature>
      </SourceFeatures>
    </SourceIM>
    <SourceIM>
      <Release>
        <ReleaseType>
          <Category/>
          <BuildType>X64</BuildType>
        </ReleaseType>
        <Version>20220-40000-1100</Version>
        <BuildVersion>30.0.0.5041</BuildVersion>
      </Release>
      <SuiteName>SOLIDWORKS 2022 SP0</SuiteName>
      <Revision>0</Revision>
      <ProductID>IM</ProductID>
      <Access>1</Access>
      <UseMSTFile/>
      <AdminImageType/>
      <NewVersion>true</NewVersion>
      <SourceFiles>
        <SourceFile>
          <Language>all</Language>
          <SourcePath>sldim</SourcePath>
          <Disk>1</Disk>
          <Path/>
          <FileName>sldim.exe</FileName>
        </SourceFile>
      </SourceFiles>
      <SourceFeatures>
        <SourceFeature>
          <FeatureID/>
          <IsLang>false</IsLang>
          <Access>1</Access>
          <DownloadFiles>
            <DownloadFile>
              <ProductID>IM</ProductID>
              <FeatureID/>
              <FileIndex>0</FileIndex>
              <FileGUID>46820</FileGUID>
              <Language>all</Language>
              <Extract>true</Extract>
              <Domain>dl-ak.solidworks.com</Domain>
              <ServerPath>nonsecure/sw2022/sw2022_sp0_f/x64/210913.002-1-87BU085B</ServerPath>
              <FileName>SolidWorksSetup.exe</FileName>
              <ExistsOnServer>true</ExistsOnServer>
              <SubPath/>
              <FileSizeBytes>34005432</FileSizeBytes>
              <CheckSum32>2680720976</CheckSum32>
            </DownloadFile>
          </DownloadFiles>
        </SourceFeature>
      </SourceFeatures>
    </SourceIM>
    <SourceIM>
      <Release>
        <ReleaseType>
          <Category/>
          <BuildType>X64</BuildType>
        </ReleaseType>
        <Version>20220-30100-0100</Version>
        <BuildVersion>30.0.0.4034</BuildVersion>
      </Release>
      <SuiteName>SOLIDWORKS 2022 Pre Release 1</SuiteName>
      <Revision>0</Revision>
      <ProductID>IM</ProductID>
      <Access>1</Access>
      <UseMSTFile/>
      <AdminImageType/>
      <NewVersion>false</NewVersion>
      <SourceFiles>
        <SourceFile>
          <Language>all</Language>
          <SourcePath>sldim</SourcePath>
          <Disk>1</Disk>
          <Path/>
          <FileName>sldim.exe</FileName>
        </SourceFile>
      </SourceFiles>
      <SourceFeatures>
        <SourceFeature>
          <FeatureID/>
          <IsLang>false</IsLang>
          <Access>1</Access>
          <DownloadFiles>
            <DownloadFile>
              <ProductID>IM</ProductID>
              <FeatureID/>
              <FileIndex>0</FileIndex>
              <FileGUID>45858</FileGUID>
              <Language>all</Language>
              <Extract>true</Extract>
              <Domain>dl-ak.solidworks.com</Domain>
              <ServerPath>nonsecure/sw2022/sw2022_pr1_f/x64/210805.002-1-OJ67BJRH</ServerPath>
              <FileName>SolidWorksSetup.exe</FileName>
              <ExistsOnServer>true</ExistsOnServer>
              <SubPath/>
              <FileSizeBytes>33874872</FileSizeBytes>
              <CheckSum32>4144997672</CheckSum32>
            </DownloadFile>
          </DownloadFiles>
        </SourceFeature>
      </SourceFeatures>
    </SourceIM>
    <SourceIM>
      <Release>
        <ReleaseType>
          <Category/>
          <BuildType>X64</BuildType>
        </ReleaseType>
        <Version>20220-20200-0100</Version>
        <BuildVersion>30.0.0.2059</BuildVersion>
      </Release>
      <SuiteName>SOLIDWORKS 2022 Beta 2</SuiteName>
      <Revision>0</Revision>
      <ProductID>IM</ProductID>
      <Access>1</Access>
      <UseMSTFile/>
      <AdminImageType/>
      <NewVersion>false</NewVersion>
      <SourceFiles>
        <SourceFile>
          <Language>all</Language>
          <SourcePath>sldim</SourcePath>
          <Disk>1</Disk>
          <Path/>
          <FileName>sldim.exe</FileName>
        </SourceFile>
      </SourceFiles>
      <SourceFeatures>
        <SourceFeature>
          <FeatureID/>
          <IsLang>false</IsLang>
          <Access>1</Access>
          <DownloadFiles>
            <DownloadFile>
              <ProductID>IM</ProductID>
              <FeatureID/>
              <FileIndex>0</FileIndex>
              <FileGUID>45766</FileGUID>
              <Language>all</Language>
              <Extract>true</Extract>
              <Domain>dl-ak.solidworks.com</Domain>
              <ServerPath>nonsecure/sw2022/sw2022_b2_f/x64/210713.002-1-6UGOTS9D</ServerPath>
              <FileName>SolidWorksSetup.exe</FileName>
              <ExistsOnServer>true</ExistsOnServer>
              <SubPath/>
              <FileSizeBytes>33876920</FileSizeBytes>
              <CheckSum32>4176015906</CheckSum32>
            </DownloadFile>
          </DownloadFiles>
        </SourceFeature>
      </SourceFeatures>
    </SourceIM>
    <SourceIM>
      <Release>
        <ReleaseType>
          <Category/>
          <BuildType>X64</BuildType>
        </ReleaseType>
        <Version>20220-20100-0100</Version>
        <BuildVersion>30.0.0.1084</BuildVersion>
      </Release>
      <SuiteName>SOLIDWORKS 2022 Beta 1</SuiteName>
      <Revision>0</Revision>
      <ProductID>IM</ProductID>
      <Access>1</Access>
      <UseMSTFile/>
      <AdminImageType/>
      <NewVersion>false</NewVersion>
      <SourceFiles>
        <SourceFile>
          <Language>all</Language>
          <SourcePath>sldim</SourcePath>
          <Disk>1</Disk>
          <Path/>
          <FileName>sldim.exe</FileName>
        </SourceFile>
      </SourceFiles>
      <SourceFeatures>
        <SourceFeature>
          <FeatureID/>
          <IsLang>false</IsLang>
          <Access>1</Access>
          <DownloadFiles>
            <DownloadFile>
              <ProductID>IM</ProductID>
              <FeatureID/>
              <FileIndex>0</FileIndex>
              <FileGUID>45419</FileGUID>
              <Language>all</Language>
              <Extract>true</Extract>
              <Domain>dl-ak.solidworks.com</Domain>
              <ServerPath>nonsecure/sw2022/sw2022_b1_f/x64/210604.004-1-74LPEQDU</ServerPath>
              <FileName>SolidWorksSetup.exe</FileName>
              <ExistsOnServer>true</ExistsOnServer>
              <SubPath/>
              <FileSizeBytes>33871288</FileSizeBytes>
              <CheckSum32>2693194293</CheckSum32>
            </DownloadFile>
          </DownloadFiles>
        </SourceFeature>
      </SourceFeatures>
    </SourceIM>
  </SourceIMs>
  <SourceIMs>
    <StartVersion>20230-10000-0000</StartVersion>
    <MajorRelease>
      <ReleaseType>
        <Category/>
        <BuildType>X64</BuildType>
      </ReleaseType>
      <MajorVersion>20230</MajorVersion>
    </MajorRelease>
    <SourceIM>
      <Release>
        <ReleaseType>
          <Category/>
          <BuildType>X64</BuildType>
        </ReleaseType>
        <Version>20230-40300-1100</Version>
        <BuildVersion>31.3.0.44</BuildVersion>
      </Release>
      <SuiteName>SOLIDWORKS 2023 SP03</SuiteName>
      <Revision>0</Revision>
      <ProductID>IM</ProductID>
      <Access>1</Access>
      <UseMSTFile/>
      <AdminImageType/>
      <NewVersion>true</NewVersion>
      <SourceFiles>
        <SourceFile>
          <Language>all</Language>
          <SourcePath>sldim</SourcePath>
          <Disk>1</Disk>
          <Path/>
          <FileName>sldim.exe</FileName>
        </SourceFile>
      </SourceFiles>
      <SourceFeatures>
        <SourceFeature>
          <FeatureID/>
          <IsLang>false</IsLang>
          <Access>1</Access>
          <DownloadFiles>
            <DownloadFile>
              <ProductID>IM</ProductID>
              <FeatureID/>
              <FileIndex>0</FileIndex>
              <FileGUID>49219</FileGUID>
              <Language>all</Language>
              <Extract>true</Extract>
              <Domain>dl-ak.solidworks.com</Domain>
              <ServerPath>nonsecure/sw2023/sw2023_sp03.0_f/x64/230518.003-1-OGBDEVCH</ServerPath>
              <FileName>SolidWorksSetup.exe</FileName>
              <ExistsOnServer>true</ExistsOnServer>
              <SubPath/>
              <FileSizeBytes>36420760</FileSizeBytes>
              <CheckSum32>2042565170</CheckSum32>
            </DownloadFile>
          </DownloadFiles>
        </SourceFeature>
      </SourceFeatures>
    </SourceIM>
    <SourceIM>
      <Release>
        <ReleaseType>
          <Category/>
          <BuildType>X64</BuildType>
        </ReleaseType>
        <Version>20230-40201-1100</Version>
        <BuildVersion>31.2.1.1</BuildVersion>
      </Release>
      <SuiteName>SOLIDWORKS 2023 SP02.1</SuiteName>
      <Revision>0</Revision>
      <ProductID>IM</ProductID>
      <Access>1</Access>
      <UseMSTFile/>
      <AdminImageType/>
      <NewVersion>true</NewVersion>
      <SourceFiles>
        <SourceFile>
          <Language>all</Language>
          <SourcePath>sldim</SourcePath>
          <Disk>1</Disk>
          <Path/>
          <FileName>sldim.exe</FileName>
        </SourceFile>
      </SourceFiles>
      <SourceFeatures>
        <SourceFeature>
          <FeatureID/>
          <IsLang>false</IsLang>
          <Access>1</Access>
          <DownloadFiles>
            <DownloadFile>
              <ProductID>IM</ProductID>
              <FeatureID/>
              <FileIndex>0</FileIndex>
              <FileGUID>49027</FileGUID>
              <Language>all</Language>
              <Extract>true</Extract>
              <Domain>dl-ak.solidworks.com</Domain>
              <ServerPath>nonsecure/sw2023/sw2023_sp02.1_f/x64/230406.002-1-0XGST9XO</ServerPath>
              <FileName>SolidWorksSetup.exe</FileName>
              <ExistsOnServer>true</ExistsOnServer>
              <SubPath/>
              <FileSizeBytes>36423320</FileSizeBytes>
              <CheckSum32>1074352909</CheckSum32>
            </DownloadFile>
          </DownloadFiles>
        </SourceFeature>
      </SourceFeatures>
    </SourceIM>
    <SourceIM>
      <Release>
        <ReleaseType>
          <Category/>
          <BuildType>X64</BuildType>
        </ReleaseType>
        <Version>20230-40200-1100</Version>
        <BuildVersion>31.2.0.49</BuildVersion>
      </Release>
      <SuiteName>SOLIDWORKS 2023 SP02 Early Visibility</SuiteName>
      <Revision>0</Revision>
      <ProductID>IM</ProductID>
      <Access>2</Access>
      <UseMSTFile/>
      <AdminImageType/>
      <NewVersion>false</NewVersion>
      <SourceFiles>
        <SourceFile>
          <Language>all</Language>
          <SourcePath>sldim</SourcePath>
          <Disk>1</Disk>
          <Path/>
          <FileName>sldim.exe</FileName>
        </SourceFile>
      </SourceFiles>
      <SourceFeatures>
        <SourceFeature>
          <FeatureID/>
          <IsLang>false</IsLang>
          <Access>2</Access>
          <DownloadFiles>
            <DownloadFile>
              <ProductID>IM</ProductID>
              <FeatureID/>
              <FileIndex>0</FileIndex>
              <FileGUID>48856</FileGUID>
              <Language>all</Language>
              <Extract>true</Extract>
              <Domain>dl-ak.solidworks.com</Domain>
              <ServerPath>nonsecure/sw2023/sw2023_sp02.0_f/x64/230316.003-1-RQWA15EE</ServerPath>
              <FileName>SolidWorksSetup.exe</FileName>
              <ExistsOnServer>true</ExistsOnServer>
              <SubPath/>
              <FileSizeBytes>36422296</FileSizeBytes>
              <CheckSum32>3199937639</CheckSum32>
            </DownloadFile>
          </DownloadFiles>
        </SourceFeature>
      </SourceFeatures>
    </SourceIM>
    <SourceIM>
      <Release>
        <ReleaseType>
          <Category/>
          <BuildType>X64</BuildType>
        </ReleaseType>
        <Version>20230-40100-1100</Version>
        <BuildVersion>31.1.0.106</BuildVersion>
      </Release>
      <SuiteName>SOLIDWORKS 2023 SP01</SuiteName>
      <Revision>0</Revision>
      <ProductID>IM</ProductID>
      <Access>1</Access>
      <UseMSTFile/>
      <AdminImageType/>
      <NewVersion>true</NewVersion>
      <SourceFiles>
        <SourceFile>
          <Language>all</Language>
          <SourcePath>sldim</SourcePath>
          <Disk>1</Disk>
          <Path/>
          <FileName>sldim.exe</FileName>
        </SourceFile>
      </SourceFiles>
      <SourceFeatures>
        <SourceFeature>
          <FeatureID/>
          <IsLang>false</IsLang>
          <Access>1</Access>
          <DownloadFiles>
            <DownloadFile>
              <ProductID>IM</ProductID>
              <FeatureID/>
              <FileIndex>0</FileIndex>
              <FileGUID>48706</FileGUID>
              <Language>all</Language>
              <Extract>true</Extract>
              <Domain>dl-ak.solidworks.com</Domain>
              <ServerPath>nonsecure/sw2023/sw2023_sp01.0_f/x64/230111.001-1-J6WSQPUK</ServerPath>
              <FileName>SolidWorksSetup.exe</FileName>
              <ExistsOnServer>true</ExistsOnServer>
              <SubPath/>
              <FileSizeBytes>36408728</FileSizeBytes>
              <CheckSum32>2414368101</CheckSum32>
            </DownloadFile>
          </DownloadFiles>
        </SourceFeature>
      </SourceFeatures>
    </SourceIM>
    <SourceIM>
      <Release>
        <ReleaseType>
          <Category/>
          <BuildType>X64</BuildType>
        </ReleaseType>
        <Version>20230-40001-1100</Version>
        <BuildVersion>31.0.1.4</BuildVersion>
      </Release>
      <SuiteName>SOLIDWORKS 2023 SP0.1</SuiteName>
      <Revision>0</Revision>
      <ProductID>IM</ProductID>
      <Access>1</Access>
      <UseMSTFile/>
      <AdminImageType/>
      <NewVersion>true</NewVersion>
      <SourceFiles>
        <SourceFile>
          <Language>all</Language>
          <SourcePath>sldim</SourcePath>
          <Disk>1</Disk>
          <Path/>
          <FileName>sldim.exe</FileName>
        </SourceFile>
      </SourceFiles>
      <SourceFeatures>
        <SourceFeature>
          <FeatureID/>
          <IsLang>false</IsLang>
          <Access>1</Access>
          <DownloadFiles>
            <DownloadFile>
              <ProductID>IM</ProductID>
              <FeatureID/>
              <FileIndex>0</FileIndex>
              <FileGUID>48591</FileGUID>
              <Language>all</Language>
              <Extract>true</Extract>
              <Domain>dl-ak.solidworks.com</Domain>
              <ServerPath>nonsecure/sw2023/sw2023_sp0.1_f/x64/221028.001-1-624M4U6S</ServerPath>
              <FileName>SolidWorksSetup.exe</FileName>
              <ExistsOnServer>true</ExistsOnServer>
              <SubPath/>
              <FileSizeBytes>33498520</FileSizeBytes>
              <CheckSum32>2135486464</CheckSum32>
            </DownloadFile>
          </DownloadFiles>
        </SourceFeature>
      </SourceFeatures>
    </SourceIM>
    <SourceIM>
      <Release>
        <ReleaseType>
          <Category/>
          <BuildType>X64</BuildType>
        </ReleaseType>
        <Version>20230-30100-0100</Version>
        <BuildVersion>31.0.0.4062</BuildVersion>
      </Release>
      <SuiteName>SOLIDWORKS 2023 Pre Release 1</SuiteName>
      <Revision>0</Revision>
      <ProductID>IM</ProductID>
      <Access>1</Access>
      <UseMSTFile/>
      <AdminImageType/>
      <NewVersion>false</NewVersion>
      <SourceFiles>
        <SourceFile>
          <Language>all</Language>
          <SourcePath>sldim</SourcePath>
          <Disk>1</Disk>
          <Path/>
          <FileName>sldim.exe</FileName>
        </SourceFile>
      </SourceFiles>
      <SourceFeatures>
        <SourceFeature>
          <FeatureID/>
          <IsLang>false</IsLang>
          <Access>1</Access>
          <DownloadFiles>
            <DownloadFile>
              <ProductID>IM</ProductID>
              <FeatureID/>
              <FileIndex>0</FileIndex>
              <FileGUID>48012</FileGUID>
              <Language>all</Language>
              <Extract>true</Extract>
              <Domain>dl-ak.solidworks.com</Domain>
              <ServerPath>nonsecure/sw2023/sw2023_pr1_f/x64/220805.004-1-40NL5ANQ</ServerPath>
              <FileName>SolidWorksSetup.exe</FileName>
              <ExistsOnServer>true</ExistsOnServer>
              <SubPath/>
              <FileSizeBytes>33053592</FileSizeBytes>
              <CheckSum32>1910848098</CheckSum32>
            </DownloadFile>
          </DownloadFiles>
        </SourceFeature>
      </SourceFeatures>
    </SourceIM>
    <SourceIM>
      <Release>
        <ReleaseType>
          <Category/>
          <BuildType>X64</BuildType>
        </ReleaseType>
        <Version>20230-20100-0100</Version>
        <BuildVersion>31.0.0.1133</BuildVersion>
      </Release>
      <SuiteName>SOLIDWORKS 2023 Beta 1</SuiteName>
      <Revision>0</Revision>
      <ProductID>IM</ProductID>
      <Access>1</Access>
      <UseMSTFile/>
      <AdminImageType/>
      <NewVersion>false</NewVersion>
      <SourceFiles>
        <SourceFile>
          <Language>all</Language>
          <SourcePath>sldim</SourcePath>
          <Disk>1</Disk>
          <Path/>
          <FileName>sldim.exe</FileName>
        </SourceFile>
      </SourceFiles>
      <SourceFeatures>
        <SourceFeature>
          <FeatureID/>
          <IsLang>false</IsLang>
          <Access>1</Access>
          <DownloadFiles>
            <DownloadFile>
              <ProductID>IM</ProductID>
              <FeatureID/>
              <FileIndex>0</FileIndex>
              <FileGUID>47753</FileGUID>
              <Language>all</Language>
              <Extract>true</Extract>
              <Domain>dl-ak.solidworks.com</Domain>
              <ServerPath>nonsecure/sw2023/sw2023_b1_f/x64/220628.001-1-H87PFBTY</ServerPath>
              <FileName>SolidWorksSetup.exe</FileName>
              <ExistsOnServer>true</ExistsOnServer>
              <SubPath/>
              <FileSizeBytes>33650584</FileSizeBytes>
              <CheckSum32>1054054423</CheckSum32>
            </DownloadFile>
          </DownloadFiles>
        </SourceFeature>
      </SourceFeatures>
    </SourceIM>
  </SourceIMs>
  <SourceIMs>
    <StartVersion>20240-10000-0000</StartVersion>
    <MajorRelease>
      <ReleaseType>
        <Category/>
        <BuildType>X64</BuildType>
      </ReleaseType>
      <MajorVersion>20240</MajorVersion>
    </MajorRelease>
    <SourceIM>
      <Release>
        <ReleaseType>
          <Category/>
          <BuildType>X64</BuildType>
        </ReleaseType>
        <Version>20240-20200-0100</Version>
        <BuildVersion>32.0.0.2078</BuildVersion>
      </Release>
      <SuiteName>SOLIDWORKS 2024 Beta 2</SuiteName>
      <Revision>0</Revision>
      <ProductID>IM</ProductID>
      <Access>1</Access>
      <UseMSTFile/>
      <AdminImageType/>
      <NewVersion>true</NewVersion>
      <SourceFiles>
        <SourceFile>
          <Language>all</Language>
          <SourcePath>sldim</SourcePath>
          <Disk>1</Disk>
          <Path/>
          <FileName>sldim.exe</FileName>
        </SourceFile>
      </SourceFiles>
      <SourceFeatures>
        <SourceFeature>
          <FeatureID/>
          <IsLang>false</IsLang>
          <Access>1</Access>
          <DownloadFiles>
            <DownloadFile>
              <ProductID>IM</ProductID>
              <FeatureID/>
              <FileIndex>0</FileIndex>
              <FileGUID>49420</FileGUID>
              <Language>all</Language>
              <Extract>true</Extract>
              <Domain>dl-ak.solidworks.com</Domain>
              <ServerPath>nonsecure/sw2024/sw2024_b2_f/x64/230630.004-1-BC6SLKWA</ServerPath>
              <FileName>SolidWorksSetup.exe</FileName>
              <ExistsOnServer>true</ExistsOnServer>
              <SubPath/>
              <FileSizeBytes>185062040</FileSizeBytes>
              <CheckSum32>1758393536</CheckSum32>
            </DownloadFile>
          </DownloadFiles>
        </SourceFeature>
      </SourceFeatures>
    </SourceIM>
  </SourceIMs>
</AllSourceIMs>